t,list_entries,metric,n,min,q1,median,q3,max,mean,sd,cv_pct,mean_ci95_halfwidth
4,20,sign_statement_ms,5,0.316300,0.319600,0.403800,0.403900,0.405200,0.369760,0.047313,12.796,0.058747
4,20,sign_digest_ms,5,0.218800,0.309800,0.315000,0.401400,0.446100,0.338220,0.088371,26.128,0.109727
4,20,verify_statement_ms,5,0.219400,0.220100,0.220400,0.220900,0.221000,0.220360,0.000650,0.295,0.000808
4,20,verify_digest_ms,5,0.211800,0.212200,0.213300,0.215500,0.217500,0.214060,0.002401,1.121,0.002981
4,20,preimage_ms,5,0.001400,0.001400,0.001400,0.001400,0.001500,0.001420,0.000045,3.149,0.000056
4,20,digest_ms,5,0.003400,0.003400,0.003400,0.003400,0.003400,0.003400,0.000000,0.000,0.000000
4,20,app_pass_ms,5,0.003300,0.003300,0.003300,0.003400,0.003400,0.003340,0.000055,1.640,0.000068
4,20,mu_statement_ms,5,0.003400,0.003400,0.003400,0.003400,0.003400,0.003400,0.000000,0.000,0.000000
4,20,mu_digest_ms,5,0.001500,0.001500,0.001500,0.001500,0.001900,0.001580,0.000179,11.322,0.000222
4,20,verify_ratio,5,1.015600,1.021300,1.035900,1.036100,1.038600,1.029500,0.010341,1.005,0.012841
4,20,sign_ratio,5,0.716400,1.004100,1.009500,1.303400,1.846000,1.175880,0.428262,36.421,0.531758
4,20,verify_saving_ms,5,0.003400,0.004600,0.007600,0.007700,0.008200,0.006300,0.002154,34.192,0.002675
4,20,model_saving_ms,5,0.002600,0.004200,0.004300,0.004300,0.004300,0.003940,0.000750,19.044,0.000932
4,20,saving_vs_model,5,0.790700,1.095200,1.767400,1.790700,3.153800,1.719560,0.910632,52.957,1.130699
4,20,verify_ratio_equal_hash,5,1.045500,1.046400,1.046700,1.047300,1.048100,1.046800,0.000975,0.093,0.001210
4,20,verify_statement_growth,5,1.000000,1.000000,1.000000,1.000000,1.000000,1.000000,0.000000,0.000,0.000000
4,20,verify_digest_growth,5,1.000000,1.000000,1.000000,1.000000,1.000000,1.000000,0.000000,0.000,0.000000
4,100,sign_statement_ms,5,0.398300,0.398900,0.411200,0.459400,0.499000,0.433360,0.044425,10.251,0.055161
4,100,sign_digest_ms,5,0.319500,0.361500,0.412900,0.413600,0.491700,0.399840,0.064658,16.171,0.080284
4,100,verify_statement_ms,5,0.236300,0.237300,0.237300,0.239100,0.243900,0.238780,0.003035,1.271,0.003769
4,100,verify_digest_ms,5,0.218000,0.218600,0.219000,0.220400,0.220400,0.219280,0.001083,0.494,0.001344
4,100,preimage_ms,5,0.001500,0.001500,0.001800,0.001900,0.001900,0.001720,0.000205,11.915,0.000254
4,100,digest_ms,5,0.009000,0.009000,0.009000,0.009100,0.009100,0.009040,0.000055,0.606,0.000068
4,100,app_pass_ms,5,0.008500,0.008600,0.008600,0.008600,0.008600,0.008580,0.000045,0.521,0.000056
4,100,mu_statement_ms,5,0.008200,0.008200,0.008400,0.008500,0.008600,0.008380,0.000179,2.135,0.000222
4,100,mu_digest_ms,5,0.001500,0.001500,0.001500,0.001900,0.001900,0.001660,0.000219,13.198,0.000272
4,100,verify_ratio,5,1.072100,1.083600,1.084800,1.085500,1.118800,1.088960,0.017555,1.612,0.021797
4,100,sign_ratio,5,0.811300,0.964600,1.110700,1.137500,1.561800,1.117180,0.280618,25.118,0.348433
4,100,verify_saving_ms,5,0.015900,0.018300,0.018700,0.018700,0.025900,0.019500,0.003763,19.297,0.004672
4,100,model_saving_ms,5,0.017800,0.018200,0.018200,0.018200,0.019100,0.018300,0.000480,2.621,0.000595
4,100,saving_vs_model,5,0.873600,0.979100,1.005500,1.027500,1.455100,1.068160,0.224214,20.991,0.278398
4,100,verify_ratio_equal_hash,5,1.116700,1.117100,1.117100,1.117800,1.118300,1.117400,0.000640,0.057,0.000795
4,100,verify_statement_growth,5,1.073600,1.073800,1.076700,1.082400,1.111700,1.083640,0.016083,1.484,0.019970
4,100,verify_digest_growth,5,1.013300,1.022700,1.026700,1.029300,1.030200,1.024440,0.006874,0.671,0.008536
4,1000,sign_statement_ms,5,0.382400,0.462500,0.464600,0.469000,0.472400,0.450180,0.038085,8.460,0.047288
4,1000,sign_digest_ms,5,0.376100,0.460600,0.461200,0.467300,0.468700,0.446780,0.039674,8.880,0.049262
4,1000,verify_statement_ms,5,0.472000,0.474300,0.476200,0.478800,0.479400,0.476140,0.003092,0.649,0.003839
4,1000,verify_digest_ms,5,0.277600,0.278500,0.278600,0.279700,0.282000,0.279280,0.001693,0.606,0.002102
4,1000,preimage_ms,5,0.003800,0.003800,0.003800,0.003800,0.003800,0.003800,0.000000,0.000,0.000000
4,1000,digest_ms,5,0.069300,0.069300,0.069600,0.069700,0.070100,0.069600,0.000332,0.477,0.000412
4,1000,app_pass_ms,5,0.066700,0.066700,0.066800,0.066800,0.066800,0.066760,0.000055,0.082,0.000068
4,1000,mu_statement_ms,5,0.065700,0.065700,0.065900,0.065900,0.065900,0.065820,0.000110,0.166,0.000136
4,1000,mu_digest_ms,5,0.001500,0.001500,0.001900,0.001900,0.001900,0.001740,0.000219,12.591,0.000272
4,1000,verify_ratio,5,1.694200,1.700000,1.708600,1.709900,1.711800,1.704900,0.007497,0.440,0.009308
4,1000,sign_ratio,5,1.002800,1.003600,1.007900,1.008700,1.016800,1.007960,0.005575,0.553,0.006923
4,1000,verify_saving_ms,5,0.193400,0.196700,0.197400,0.197700,0.199100,0.196860,0.002122,1.078,0.002635
4,1000,model_saving_ms,5,0.188400,0.189200,0.189300,0.190100,0.190800,0.189560,0.000918,0.484,0.001140
4,1000,saving_vs_model,5,1.022200,1.034600,1.044100,1.044400,1.047300,1.038520,0.010302,0.992,0.012791
4,1000,verify_ratio_equal_hash,5,1.710600,1.715400,1.718500,1.719300,1.721900,1.717140,0.004329,0.252,0.005376
4,1000,verify_statement_growth,5,2.141600,2.161800,2.163600,2.166500,2.170200,2.160740,0.011161,0.517,0.013859
4,1000,verify_digest_growth,5,1.292300,1.296600,1.310700,1.311300,1.312900,1.304760,0.009568,0.733,0.011880
4,10000,sign_statement_ms,5,1.285400,1.360200,1.366500,1.366700,1.368000,1.349360,0.035883,2.659,0.044554
4,10000,sign_digest_ms,5,1.442300,1.445200,1.445600,1.500600,1.533200,1.473380,0.041386,2.809,0.051387
4,10000,verify_statement_ms,5,3.117400,3.119400,3.123600,3.139900,3.154700,3.131000,0.015931,0.509,0.019781
4,10000,verify_digest_ms,5,1.266600,1.266700,1.267100,1.268700,1.277000,1.269220,0.004430,0.349,0.005501
4,10000,preimage_ms,5,0.322700,0.323000,0.324700,0.329700,0.332900,0.326600,0.004502,1.379,0.005590
4,10000,digest_ms,5,0.803700,0.805300,0.805800,0.811100,0.817600,0.808700,0.005700,0.705,0.007077
4,10000,app_pass_ms,5,0.653600,0.656300,0.657100,0.658000,0.658600,0.656720,0.001951,0.297,0.002423
4,10000,mu_statement_ms,5,0.646500,0.647400,0.647600,0.649300,0.650200,0.648200,0.001508,0.233,0.001873
4,10000,mu_digest_ms,5,0.001500,0.001500,0.001800,0.001800,0.001900,0.001700,0.000187,11.005,0.000232
4,10000,verify_ratio,5,2.458700,2.458800,2.460300,2.465900,2.490700,2.466880,0.013637,0.553,0.016932
4,10000,sign_ratio,5,0.887200,0.891200,0.910600,0.945700,0.946300,0.916200,0.028608,3.122,0.035521
4,10000,verify_saving_ms,5,1.850300,1.850700,1.856900,1.862900,1.888100,1.861780,0.015591,0.837,0.019359
4,10000,model_saving_ms,5,1.920400,1.926100,1.927300,1.935000,1.937600,1.929280,0.006979,0.362,0.008666
4,10000,saving_vs_model,5,0.955200,0.960600,0.962700,0.963500,0.983200,0.965040,0.010656,1.104,0.013231
4,10000,verify_ratio_equal_hash,5,2.545500,2.547200,2.553900,2.556200,2.558500,2.552260,0.005667,0.222,0.007036
4,10000,verify_statement_growth,5,14.133900,14.144300,14.172600,14.214100,14.378800,14.208740,0.100011,0.704,0.124180
4,10000,verify_digest_growth,5,5.871300,5.887200,5.938600,5.971300,5.980200,5.929720,0.048931,0.825,0.060755
67,20,sign_statement_ms,5,0.314100,0.396100,0.401600,0.405600,0.405900,0.384660,0.039643,10.306,0.049223
67,20,sign_digest_ms,5,0.307400,0.308000,0.323300,0.404400,0.404900,0.349600,0.050656,14.490,0.062898
67,20,verify_statement_ms,5,3.703200,3.715300,3.716200,3.725900,3.728900,3.717900,0.010133,0.273,0.012582
67,20,verify_digest_ms,5,3.571000,3.573200,3.577800,3.580000,3.588400,3.578080,0.006786,0.190,0.008426
67,20,preimage_ms,5,0.001800,0.001900,0.001900,0.001900,0.001900,0.001880,0.000045,2.379,0.000056
67,20,digest_ms,5,0.003400,0.003400,0.003800,0.003800,0.004300,0.003740,0.000371,9.933,0.000461
67,20,app_pass_ms,5,0.003400,0.003400,0.003400,0.003400,0.003400,0.003400,0.000000,0.000,0.000000
67,20,mu_statement_ms,5,0.003900,0.004100,0.004200,0.004300,0.004300,0.004160,0.000167,4.022,0.000208
67,20,mu_digest_ms,5,0.001500,0.001800,0.001900,0.001900,0.001900,0.001800,0.000173,9.623,0.000215
67,20,verify_ratio,5,1.036400,1.038400,1.039200,1.040700,1.040800,1.039100,0.001819,0.175,0.002259
67,20,sign_ratio,5,0.971500,0.978300,0.993100,1.316900,1.320400,1.116040,0.185126,16.588,0.229864
67,20,verify_saving_ms,5,0.130000,0.137500,0.140500,0.145200,0.145900,0.139820,0.006484,4.638,0.008051
67,20,model_saving_ms,5,0.130600,0.144000,0.157400,0.164100,0.177500,0.154720,0.018102,11.700,0.022477
67,20,saving_vs_model,5,0.791500,0.889100,0.922500,0.954900,0.995400,0.910680,0.077366,8.495,0.096063
67,20,verify_ratio_equal_hash,5,1.062500,1.062700,1.062700,1.062800,1.062800,1.062700,0.000122,0.012,0.000152
67,20,verify_statement_growth,5,1.000000,1.000000,1.000000,1.000000,1.000000,1.000000,0.000000,0.000,0.000000
67,20,verify_digest_growth,5,1.000000,1.000000,1.000000,1.000000,1.000000,1.000000,0.000000,0.000,0.000000
67,100,sign_statement_ms,5,0.313900,0.407500,0.408900,0.409100,0.409800,0.389840,0.042460,10.892,0.052721
67,100,sign_digest_ms,5,0.322600,0.401200,0.402700,0.414200,0.491100,0.406360,0.059787,14.713,0.074236
67,100,verify_statement_ms,5,4.000700,4.001800,4.004100,4.008900,4.021900,4.007480,0.008655,0.216,0.010746
67,100,verify_digest_ms,5,3.575200,3.577500,3.582800,3.583800,3.591700,3.582200,0.006408,0.179,0.007957
67,100,preimage_ms,5,0.001900,0.001900,0.002000,0.002300,0.002400,0.002100,0.000235,11.168,0.000291
67,100,digest_ms,5,0.009600,0.009800,0.010100,0.010100,0.010100,0.009940,0.000230,2.316,0.000286
67,100,app_pass_ms,5,0.008600,0.008700,0.009000,0.009000,0.009100,0.008880,0.000217,2.441,0.000269
67,100,mu_statement_ms,5,0.008700,0.008700,0.009000,0.009100,0.009100,0.008920,0.000205,2.298,0.000254
67,100,mu_digest_ms,5,0.001500,0.001500,0.001500,0.001800,0.001900,0.001640,0.000195,11.886,0.000242
67,100,verify_ratio,5,1.117300,1.118600,1.118900,1.119000,1.119800,1.118720,0.000909,0.081,0.001129
67,100,sign_ratio,5,0.779500,0.829800,0.987200,1.019700,1.270300,0.977300,0.192760,19.724,0.239343
67,100,verify_saving_ms,5,0.420300,0.424300,0.425500,0.426100,0.430200,0.425280,0.003560,0.837,0.004420
67,100,model_saving_ms,5,0.446900,0.453200,0.493500,0.500200,0.500600,0.478880,0.026562,5.547,0.032981
67,100,saving_vs_model,5,0.840300,0.851200,0.859800,0.949200,0.952100,0.890520,0.055334,6.214,0.068706
67,100,verify_ratio_equal_hash,5,1.158400,1.160600,1.165700,1.166000,1.167200,1.163580,0.003846,0.331,0.004775
67,100,verify_statement_growth,5,1.074000,1.076800,1.078600,1.078800,1.081300,1.077900,0.002706,0.251,0.003359
67,100,verify_digest_growth,5,0.999300,0.999300,1.000900,1.003000,1.003300,1.001160,0.001933,0.193,0.002401
67,1000,sign_statement_ms,5,0.380800,0.400400,0.461400,0.469100,0.471700,0.436680,0.042800,9.801,0.053143
67,1000,sign_digest_ms,5,0.379200,0.460100,0.461700,0.470000,0.556600,0.465520,0.062870,13.505,0.078064
67,1000,verify_statement_ms,5,7.913200,7.922100,7.924200,7.924600,7.925200,7.921860,0.004980,0.063,0.006183
67,1000,verify_digest_ms,5,3.639300,3.642600,3.643200,3.645800,3.661600,3.646500,0.008753,0.240,0.010868
67,1000,preimage_ms,5,0.006600,0.006800,0.006800,0.006800,0.007100,0.006820,0.000179,2.623,0.000222
67,1000,digest_ms,5,0.071200,0.071500,0.071600,0.071600,0.071700,0.071520,0.000192,0.269,0.000239
67,1000,app_pass_ms,5,0.066800,0.066800,0.066800,0.067200,0.067200,0.066960,0.000219,0.327,0.000272
67,1000,mu_statement_ms,5,0.066300,0.066700,0.066800,0.067000,0.067700,0.066900,0.000515,0.769,0.000639
67,1000,mu_digest_ms,5,0.001500,0.001500,0.001900,0.001900,0.001900,0.001740,0.000219,12.591,0.000272
67,1000,verify_ratio,5,2.164400,2.172400,2.173500,2.174500,2.177500,2.172460,0.004889,0.225,0.006071
67,1000,sign_ratio,5,0.847500,0.870200,0.998100,0.999400,1.004200,0.943880,0.078068,8.271,0.096935
67,1000,verify_saving_ms,5,4.263600,4.270600,4.278400,4.278900,4.285300,4.275360,0.008389,0.196,0.010417
67,1000,model_saving_ms,5,4.248000,4.281100,4.294900,4.301200,4.368600,4.298760,0.044122,1.026,0.054784
67,1000,saving_vs_model,5,0.977600,0.995900,0.996200,0.996300,1.007300,0.994660,0.010694,1.075,0.013278
67,1000,verify_ratio_equal_hash,5,2.209300,2.210100,2.210300,2.211300,2.218700,2.211940,0.003846,0.174,0.004775
67,1000,verify_statement_growth,5,2.123800,2.125300,2.131800,2.132900,2.139900,2.130740,0.006470,0.304,0.008034
67,1000,verify_digest_growth,5,1.017500,1.018500,1.019000,1.020200,1.020400,1.019120,0.001207,0.118,0.001499
67,10000,sign_statement_ms,5,1.279600,1.281700,1.362200,1.363500,1.372800,1.331960,0.047023,3.530,0.058387
67,10000,sign_digest_ms,5,1.455100,1.458700,1.538100,1.547700,1.628200,1.525560,0.071794,4.706,0.089144
67,10000,verify_statement_ms,5,47.286900,47.339200,47.379900,47.383900,47.398000,47.357580,0.045161,0.095,0.056075
67,10000,verify_digest_ms,5,4.750900,4.761500,4.766700,4.773900,4.795400,4.769680,0.016642,0.349,0.020664
67,10000,preimage_ms,5,0.382100,0.387900,0.388000,0.388900,0.394300,0.388240,0.004331,1.116,0.005378
67,10000,digest_ms,5,0.828000,0.828700,0.832500,0.832900,0.839200,0.832260,0.004457,0.536,0.005534
67,10000,app_pass_ms,5,0.654000,0.654800,0.655400,0.656800,0.658300,0.655860,0.001705,0.260,0.002117
67,10000,mu_statement_ms,5,0.651100,0.651400,0.652500,0.653000,0.658300,0.653260,0.002923,0.447,0.003629
67,10000,mu_digest_ms,5,0.001500,0.001500,0.001900,0.001900,0.001900,0.001740,0.000219,12.591,0.000272
67,10000,verify_ratio,5,9.871800,9.905300,9.939800,9.954400,9.973700,9.929000,0.040600,0.409,0.050411
67,10000,sign_ratio,5,0.826800,0.843100,0.878700,0.886500,0.936200,0.874260,0.042513,4.863,0.052787
67,10000,verify_saving_ms,5,42.513000,42.543800,42.613200,42.633000,42.636500,42.587900,0.056105,0.132,0.069663
67,10000,model_saving_ms,5,42.842400,42.859700,42.958700,42.995100,43.324000,42.995980,0.194388,0.452,0.241365
67,10000,saving_vs_model,5,0.982000,0.991100,0.991900,0.992400,0.995200,0.990520,0.005007,0.505,0.006217
67,10000,verify_ratio_equal_hash,5,10.012100,10.065200,10.074700,10.080400,10.145200,10.075520,0.047456,0.471,0.058925
67,10000,verify_statement_growth,5,12.681200,12.705400,12.752600,12.754400,12.795400,12.737800,0.044905,0.353,0.055756
67,10000,verify_digest_growth,5,1.329600,1.330400,1.332300,1.333400,1.339500,1.333040,0.003912,0.293,0.004857
334,20,sign_statement_ms,5,0.316800,0.318400,0.394800,0.395400,0.404200,0.365920,0.044270,12.098,0.054969
334,20,sign_digest_ms,5,0.319400,0.397100,0.397900,0.401400,0.403000,0.383760,0.036061,9.397,0.044775
334,20,verify_statement_ms,5,18.434100,18.440000,18.441200,18.473000,18.502100,18.458080,0.028928,0.157,0.035918
334,20,verify_digest_ms,5,17.866400,17.884200,17.890800,17.894800,17.941700,17.895580,0.027980,0.156,0.034742
334,20,preimage_ms,5,0.002900,0.002900,0.002900,0.002900,0.002900,0.002900,0.000000,0.000,0.000000
334,20,digest_ms,5,0.004300,0.004300,0.004700,0.004700,0.004700,0.004540,0.000219,4.826,0.000272
334,20,app_pass_ms,5,0.003400,0.003400,0.003400,0.003700,0.003800,0.003540,0.000195,5.507,0.000242
334,20,mu_statement_ms,5,0.004300,0.004300,0.004600,0.004700,0.004800,0.004540,0.000230,5.071,0.000286
334,20,mu_digest_ms,5,0.001400,0.001800,0.001800,0.001900,0.001900,0.001760,0.000207,11.782,0.000257
334,20,verify_ratio,5,1.030500,1.030700,1.031200,1.031800,1.032900,1.031420,0.000968,0.094,0.001202
334,20,sign_ratio,5,0.786100,0.793200,0.992200,1.017900,1.237900,0.965460,0.186770,19.345,0.231906
334,20,verify_saving_ms,5,0.546400,0.549200,0.560400,0.567700,0.588800,0.562500,0.017024,3.026,0.021138
334,20,model_saving_ms,5,0.798200,0.831600,0.931400,0.964900,1.098800,0.924980,0.118997,12.865,0.147754
334,20,saving_vs_model,5,0.535900,0.580800,0.586600,0.660400,0.711200,0.614980,0.069908,11.368,0.086802
334,20,verify_ratio_equal_hash,5,1.063300,1.063300,1.063400,1.068700,1.070700,1.065880,0.003558,0.334,0.004418
334,20,verify_statement_growth,5,1.000000,1.000000,1.000000,1.000000,1.000000,1.000000,0.000000,0.000,0.000000
334,20,verify_digest_growth,5,1.000000,1.000000,1.000000,1.000000,1.000000,1.000000,0.000000,0.000,0.000000
334,100,sign_statement_ms,5,0.321700,0.398600,0.398700,0.399300,0.410500,0.385760,0.036164,9.375,0.044904
334,100,sign_digest_ms,5,0.355100,0.364600,0.400100,0.400200,0.401600,0.384320,0.022597,5.880,0.028058
334,100,verify_statement_ms,5,20.069600,20.091500,20.098200,20.100200,20.133300,20.098560,0.022903,0.114,0.028438
334,100,verify_digest_ms,5,17.858300,17.892200,17.896000,17.896900,17.937800,17.896240,0.028211,0.158,0.035029
334,100,preimage_ms,5,0.003400,0.003400,0.003400,0.003800,0.003800,0.003560,0.000219,6.154,0.000272
334,100,digest_ms,5,0.010000,0.010300,0.010400,0.010400,0.010500,0.010320,0.000192,1.864,0.000239
334,100,app_pass_ms,5,0.008900,0.008900,0.008900,0.009000,0.009000,0.008940,0.000055,0.613,0.000068
334,100,mu_statement_ms,5,0.009000,0.009100,0.009100,0.009500,0.009900,0.009320,0.000377,4.043,0.000468
334,100,mu_digest_ms,5,0.001500,0.001500,0.001500,0.001800,0.001900,0.001640,0.000195,11.886,0.000242
334,100,verify_ratio,5,1.122400,1.122600,1.123100,1.123400,1.123800,1.123060,0.000573,0.051,0.000711
334,100,sign_ratio,5,0.801000,0.996000,0.996500,1.095200,1.156000,1.008940,0.134749,13.355,0.167312
334,100,verify_saving_ms,5,2.194600,2.195500,2.202200,2.208000,2.211300,2.202320,0.007400,0.336,0.009188
334,100,model_saving_ms,5,2.395900,2.395900,2.529400,2.663000,2.796700,2.556180,0.174182,6.814,0.216275
334,100,saving_vs_model,5,0.789500,0.824400,0.870600,0.916000,0.923000,0.864700,0.057759,6.680,0.071718
334,100,verify_ratio_equal_hash,5,1.165600,1.165600,1.166000,1.167100,1.167500,1.166360,0.000885,0.076,0.001099
334,100,verify_statement_growth,5,1.088100,1.088200,1.088700,1.089600,1.089900,1.088900,0.000815,0.075,0.001013
334,100,verify_digest_growth,5,0.999500,0.999800,1.000100,1.000300,1.000400,1.000020,0.000370,0.037,0.000460
334,1000,sign_statement_ms,5,0.459100,0.459200,0.459500,0.460500,0.461000,0.459860,0.000844,0.184,0.001048
334,1000,sign_digest_ms,5,0.385800,0.460600,0.464600,0.465100,0.465600,0.448340,0.035017,7.810,0.043479
334,1000,verify_statement_ms,5,39.555500,39.575500,39.616600,39.635400,39.678400,39.612280,0.048739,0.123,0.060517
334,1000,verify_digest_ms,5,17.941200,17.972400,17.978900,17.981400,18.022300,17.979240,0.028952,0.161,0.035948
334,1000,preimage_ms,5,0.013000,0.013400,0.013800,0.013800,0.013800,0.013560,0.000358,2.638,0.000444
334,1000,digest_ms,5,0.071600,0.071900,0.072100,0.072500,0.072800,0.072180,0.000476,0.660,0.000592
334,1000,app_pass_ms,5,0.066800,0.066800,0.067100,0.067200,0.067200,0.067020,0.000205,0.306,0.000254
334,1000,mu_statement_ms,5,0.066700,0.066800,0.066800,0.067200,0.067700,0.067040,0.000416,0.620,0.000516
334,1000,mu_digest_ms,5,0.001500,0.001500,0.001500,0.001900,0.001900,0.001660,0.000219,13.198,0.000272
334,1000,verify_ratio,5,2.199200,2.199800,2.201200,2.207700,2.208100,2.203200,0.004354,0.198,0.005406
334,1000,sign_ratio,5,0.986300,0.988200,0.991200,0.997600,1.193600,1.031380,0.090785,8.802,0.112724
334,1000,verify_saving_ms,5,21.574100,21.596600,21.613100,21.675400,21.706000,21.633040,0.055491,0.257,0.068901
334,1000,model_saving_ms,5,21.576400,21.743000,21.743100,21.876600,21.910400,21.769900,0.132296,0.608,0.164268
334,1000,saving_vs_model,5,0.988000,0.990700,0.992200,0.993300,1.004600,0.993760,0.006378,0.642,0.007919
334,1000,verify_ratio_equal_hash,5,2.237700,2.239900,2.241700,2.242800,2.244500,2.241320,0.002625,0.117,0.003260
334,1000,verify_statement_growth,5,2.142200,2.145000,2.146200,2.147900,2.149100,2.146080,0.002677,0.125,0.003324
334,1000,verify_digest_growth,5,1.004200,1.004500,1.004800,1.004900,1.004900,1.004660,0.000305,0.030,0.000379
334,10000,sign_statement_ms,5,1.069300,1.070200,1.072300,1.073600,1.073900,1.071860,0.002043,0.191,0.002536
334,10000,sign_digest_ms,5,1.093300,1.096000,1.096000,1.099900,1.101200,1.097280,0.003215,0.293,0.003992
334,10000,verify_statement_ms,5,233.831700,233.908600,233.952900,234.379600,234.777000,234.169960,0.400715,0.171,0.497554
334,10000,verify_digest_ms,5,18.597500,18.623900,18.625400,18.630700,18.667900,18.629080,0.025235,0.135,0.031334
334,10000,preimage_ms,5,0.087700,0.088900,0.091000,0.091400,0.091600,0.090120,0.001728,1.918,0.002146
334,10000,digest_ms,5,0.704500,0.704800,0.704900,0.705500,0.705600,0.705060,0.000472,0.067,0.000586
334,10000,app_pass_ms,5,0.654600,0.657400,0.658800,0.658900,0.659300,0.657800,0.001927,0.293,0.002393
334,10000,mu_statement_ms,5,0.646300,0.648300,0.649600,0.649700,0.651100,0.649000,0.001806,0.278,0.002242
334,10000,mu_digest_ms,5,0.001500,0.001500,0.001500,0.001500,0.001900,0.001580,0.000179,11.322,0.000222
334,10000,verify_ratio,5,12.532400,12.550900,12.558600,12.602700,12.606200,12.570160,0.032742,0.260,0.040654
334,10000,sign_ratio,5,0.971000,0.976100,0.976500,0.978400,0.982300,0.976860,0.004093,0.419,0.005082
334,10000,verify_saving_ms,5,215.201000,215.283200,215.285000,215.782100,216.153100,215.540880,0.412430,0.191,0.512099
334,10000,model_saving_ms,5,214.704300,215.371900,215.707800,215.810800,216.307600,215.580480,0.593540,0.275,0.736977
334,10000,saving_vs_model,5,0.994900,0.997600,1.000300,1.002700,1.003600,0.999820,0.003604,0.360,0.004475
334,10000,verify_ratio_equal_hash,5,12.703500,12.753500,12.771200,12.775200,12.788400,12.758360,0.033106,0.259,0.041107
334,10000,verify_statement_growth,5,12.644700,12.679900,12.684800,12.709200,12.714500,12.686620,0.027807,0.219,0.034527
334,10000,verify_digest_growth,5,1.040500,1.040900,1.041100,1.041100,1.041400,1.041000,0.000332,0.032,0.000412
1001,20,sign_statement_ms,5,0.395600,0.395800,0.396500,0.396600,0.398600,0.396620,0.001188,0.300,0.001475
1001,20,sign_digest_ms,5,0.395500,0.395700,0.395900,0.395900,0.401500,0.396900,0.002577,0.649,0.003200
1001,20,verify_statement_ms,5,55.351600,55.357100,55.371200,55.412200,55.435600,55.385540,0.036685,0.066,0.045550
1001,20,verify_digest_ms,5,53.732400,53.734300,53.737700,53.815400,53.825300,53.769020,0.047027,0.087,0.058391
1001,20,preimage_ms,5,0.002900,0.003200,0.003300,0.003400,0.003400,0.003240,0.000207,6.400,0.000257
1001,20,digest_ms,5,0.004300,0.004400,0.004700,0.004800,0.005200,0.004680,0.000356,7.615,0.000442
1001,20,app_pass_ms,5,0.003400,0.003400,0.003400,0.003400,0.003400,0.003400,0.000000,0.000,0.000000
1001,20,mu_statement_ms,5,0.004300,0.004300,0.004300,0.004700,0.004700,0.004460,0.000219,4.912,0.000272
1001,20,mu_digest_ms,5,0.001500,0.001800,0.001900,0.001900,0.001900,0.001800,0.000173,9.623,0.000215
1001,20,verify_ratio,5,1.029700,1.029900,1.030100,1.030200,1.030400,1.030060,0.000270,0.026,0.000335
1001,20,sign_ratio,5,0.987500,0.999200,0.999700,1.002800,1.007300,0.999300,0.007343,0.735,0.009117
1001,20,verify_saving_ms,5,1.596800,1.610300,1.617300,1.624700,1.633500,1.616520,0.013995,0.866,0.017377
1001,20,model_saving_ms,5,2.399000,2.399000,2.799400,2.799400,2.899500,2.659260,0.241073,9.065,0.299331
1001,20,saving_vs_model,5,0.555400,0.580400,0.583500,0.665600,0.674200,0.611820,0.054213,8.861,0.067314
1001,20,verify_ratio_equal_hash,5,1.063200,1.063200,1.063300,1.063300,1.063300,1.063260,0.000055,0.005,0.000068
1001,20,verify_statement_growth,5,1.000000,1.000000,1.000000,1.000000,1.000000,1.000000,0.000000,0.000,0.000000
1001,20,verify_digest_growth,5,1.000000,1.000000,1.000000,1.000000,1.000000,1.000000,0.000000,0.000,0.000000
1001,100,sign_statement_ms,5,0.321900,0.398900,0.399300,0.400500,0.401600,0.384440,0.034977,9.098,0.043430
1001,100,sign_digest_ms,5,0.401000,0.402000,0.402900,0.403200,0.404200,0.402660,0.001216,0.302,0.001510
1001,100,verify_statement_ms,5,60.329400,60.356700,60.383000,60.391400,60.451900,60.382480,0.045774,0.076,0.056836
1001,100,verify_digest_ms,5,53.686900,53.691300,53.696000,53.752700,53.809200,53.727220,0.053058,0.099,0.065880
1001,100,preimage_ms,5,0.003800,0.004200,0.004300,0.004300,0.004300,0.004180,0.000217,5.186,0.000269
1001,100,digest_ms,5,0.009800,0.009900,0.010300,0.010300,0.010400,0.010140,0.000270,2.665,0.000335
1001,100,app_pass_ms,5,0.008700,0.008700,0.008900,0.008900,0.009000,0.008840,0.000134,1.518,0.000167
1001,100,mu_statement_ms,5,0.009100,0.009100,0.009400,0.009400,0.009500,0.009300,0.000187,2.012,0.000232
1001,100,mu_digest_ms,5,0.001500,0.001500,0.001500,0.001900,0.001900,0.001660,0.000219,13.198,0.000272
1001,100,verify_ratio,5,1.123300,1.123400,1.123700,1.124000,1.124800,1.123840,0.000602,0.054,0.000748
1001,100,sign_ratio,5,0.796400,0.991100,0.993300,0.994800,0.999000,0.954920,0.088662,9.285,0.110089
1001,100,verify_saving_ms,5,6.630300,6.642500,6.642700,6.660700,6.700100,6.655260,0.027312,0.410,0.033912
1001,100,model_saving_ms,5,7.498600,7.498800,7.598600,7.598700,7.999300,7.638800,0.207630,2.718,0.257806
1001,100,saving_vs_model,5,0.837600,0.872600,0.874200,0.885900,0.888200,0.871700,0.020272,2.326,0.025171
1001,100,verify_ratio_equal_hash,5,1.162000,1.162000,1.165400,1.165600,1.167600,1.164520,0.002456,0.211,0.003050
1001,100,verify_statement_growth,5,1.089500,1.089700,1.090400,1.090500,1.090900,1.090200,0.000583,0.053,0.000724
1001,100,verify_digest_growth,5,0.998800,0.999100,0.999200,0.999300,0.999700,0.999220,0.000327,0.033,0.000406
1001,1000,sign_statement_ms,5,0.458600,0.459500,0.461300,0.461700,0.462500,0.460720,0.001616,0.351,0.002007
1001,1000,sign_digest_ms,5,0.384300,0.461600,0.462800,0.463500,0.465600,0.447560,0.035393,7.908,0.043947
1001,1000,verify_statement_ms,5,118.783100,118.818300,118.834100,119.022700,119.252100,118.942060,0.196766,0.165,0.244318
1001,1000,verify_digest_ms,5,53.824300,53.825800,53.826700,53.908800,53.911300,53.859380,0.046272,0.086,0.057454
1001,1000,preimage_ms,5,0.014300,0.014400,0.014500,0.014700,0.014900,0.014560,0.000241,1.654,0.000299
1001,1000,digest_ms,5,0.072100,0.072400,0.072600,0.072800,0.073100,0.072600,0.000381,0.525,0.000473
1001,1000,app_pass_ms,5,0.066700,0.066800,0.066800,0.067200,0.067200,0.066940,0.000241,0.360,0.000299
1001,1000,mu_statement_ms,5,0.066800,0.067200,0.067600,0.067700,0.068200,0.067500,0.000529,0.784,0.000657
1001,1000,mu_digest_ms,5,0.001500,0.001800,0.001800,0.001900,0.001900,0.001780,0.000164,9.231,0.000204
1001,1000,verify_ratio,5,2.203400,2.207500,2.207700,2.207800,2.215500,2.208380,0.004389,0.199,0.005450
1001,1000,sign_ratio,5,0.990800,0.991400,0.997600,1.001900,1.193300,1.035000,0.088611,8.561,0.110025
1001,1000,verify_saving_ms,5,64.874300,64.994000,65.007400,65.111400,65.426300,65.082680,0.209674,0.322,0.260345
1001,1000,model_saving_ms,5,64.897700,65.698900,65.799000,65.899200,66.299100,65.718780,0.512427,0.780,0.636262
1001,1000,saving_vs_model,5,0.978500,0.989500,0.989500,0.992800,1.001500,0.990360,0.008249,0.833,0.010243
1001,1000,verify_ratio_equal_hash,5,2.239100,2.239200,2.241000,2.246500,2.248500,2.242860,0.004360,0.194,0.005414
1001,1000,verify_statement_growth,5,2.143600,2.145900,2.146900,2.147000,2.154200,2.147520,0.003977,0.185,0.004938
1001,1000,verify_digest_growth,5,1.001600,1.001600,1.001700,1.001700,1.001700,1.001660,0.000055,0.005,0.000068
1001,10000,sign_statement_ms,5,1.069100,1.070100,1.072300,1.072800,1.076500,1.072160,0.002867,0.267,0.003559
1001,10000,sign_digest_ms,5,1.085100,1.088200,1.090300,1.094600,1.102900,1.092220,0.006897,0.631,0.008564
1001,10000,verify_statement_ms,5,701.038800,702.989500,703.150400,703.171800,707.411100,703.552320,2.336186,0.332,2.900759
1001,10000,verify_digest_ms,5,54.409300,54.413000,54.419400,54.464300,54.528200,54.446840,0.050576,0.093,0.062798
1001,10000,preimage_ms,5,0.087700,0.087700,0.088400,0.090000,0.090200,0.088800,0.001223,1.377,0.001518
1001,10000,digest_ms,5,0.703700,0.705200,0.706500,0.707400,0.716700,0.707900,0.005113,0.722,0.006349
1001,10000,app_pass_ms,5,0.655000,0.657900,0.658300,0.658300,0.659400,0.657780,0.001651,0.251,0.002050
1001,10000,mu_statement_ms,5,0.646700,0.647900,0.648600,0.650400,0.657400,0.650200,0.004242,0.652,0.005267
1001,10000,mu_digest_ms,5,0.001500,0.001500,0.001500,0.001500,0.001900,0.001580,0.000179,11.322,0.000222
1001,10000,verify_ratio,5,12.871500,12.895200,12.918000,12.923700,13.000800,12.921840,0.048725,0.377,0.060501
1001,10000,sign_ratio,5,0.969400,0.977600,0.983900,0.988200,0.989200,0.981660,0.008238,0.839,0.010228
1001,10000,verify_saving_ms,5,646.574500,648.570100,648.622200,648.762500,652.998100,649.105480,2.355641,0.363,2.924915
1001,10000,model_saving_ms,5,645.186900,646.391400,647.088800,648.891000,655.496100,648.610840,4.075880,0.628,5.060873
1001,10000,saving_vs_model,5,0.986400,0.999600,1.003400,1.005500,1.009100,1.000800,0.008754,0.875,0.010870
1001,10000,verify_ratio_equal_hash,5,13.036100,13.065300,13.098200,13.099000,13.107000,13.081120,0.029826,0.228,0.037033
1001,10000,verify_statement_growth,5,12.651300,12.684100,12.695900,12.703700,12.779000,12.702800,0.047055,0.370,0.058427
1001,10000,verify_digest_growth,5,1.012100,1.012600,1.012700,1.012700,1.013100,1.012640,0.000358,0.035,0.000444
