run,t,list_entries,statement_bytes,sign_statement_ms,sign_digest_ms,verify_statement_ms,verify_digest_ms,preimage_ms,digest_ms,app_pass_ms,mu_statement_ms,mu_digest_ms,verify_ratio,sign_ratio,verify_saving_ms,model_saving_ms,saving_vs_model,verify_ratio_equal_hash,verify_statement_growth,verify_digest_growth,freq_end_mhz,power
1,4,20,750,0.3089,0.3986,0.2204,0.2111,0.0002,0.0022,0.0020,0.0021,0.0004,1.0441,0.7750,0.0093,0.0048,1.9375,1.0284,1.0000,1.0000,4271,mains
1,4,100,3310,0.3114,0.3993,0.2350,0.2171,0.0004,0.0076,0.0072,0.0070,0.0004,1.0825,0.7799,0.0179,0.0192,0.9323,1.0995,1.0662,1.0284,4271,mains
1,4,1000,32110,0.3772,0.4559,0.4707,0.2781,0.0026,0.0681,0.0652,0.0644,0.0004,1.6926,0.8274,0.1926,0.1908,1.0094,1.7033,2.1357,1.3174,4271,mains
1,4,10000,320110,1.2738,1.4290,3.1137,1.2790,0.3406,0.8143,0.6525,0.6436,0.0004,2.4345,0.8914,1.8347,1.9203,0.9554,2.5305,14.1275,6.0587,4271,mains
1,67,20,750,0.3222,0.3912,3.6967,3.5645,0.0008,0.0027,0.0022,0.0029,0.0004,1.0371,0.8236,0.1322,0.1653,0.7998,1.0407,1.0000,1.0000,4286,mains
1,67,100,3310,0.3994,0.3156,4.0035,3.5626,0.0018,0.0089,0.0074,0.0078,0.0004,1.1238,1.2655,0.4409,0.4884,0.9027,1.1371,1.0830,0.9995,4286,mains
1,67,1000,32110,0.4833,0.3792,7.8997,3.6369,0.0088,0.0706,0.0655,0.0652,0.0004,2.1721,1.2745,4.2628,4.2761,0.9969,2.1886,2.1370,1.0203,4286,mains
1,67,10000,320110,1.3157,1.4224,47.3051,4.7583,0.3992,0.8318,0.6529,0.6452,0.0005,9.9416,0.9250,42.5468,42.5420,1.0001,10.0560,12.7966,1.3349,4286,mains
1,334,20,750,0.3957,0.3936,18.3562,17.7932,0.0022,0.0033,0.0022,0.0031,0.0004,1.0316,1.0053,0.5630,0.8996,0.6258,1.0412,1.0000,1.0000,1741,mains
1,334,100,3310,0.3996,0.3348,19.9834,17.8046,0.0027,0.0094,0.0075,0.0081,0.0004,1.1224,1.1935,2.1788,2.5643,0.8497,1.1403,1.0886,1.0006,1741,mains
1,334,1000,32110,0.3912,0.4618,39.5181,17.8840,0.0132,0.0710,0.0656,0.0661,0.0004,2.2097,0.8471,21.6341,21.8782,0.9888,2.2215,2.1528,1.0051,1741,mains
1,334,10000,320110,1.0696,1.1199,234.3081,18.5604,0.0935,0.7031,0.6527,0.6413,0.0005,12.6241,0.9551,215.7477,213.3745,1.0111,12.7104,12.7645,1.0431,1741,mains
1,1001,20,750,0.3947,0.3929,55.2021,53.6587,0.0028,0.0038,0.0021,0.0039,0.0004,1.0288,1.0046,1.5434,3.5014,0.4408,1.0391,1.0000,1.0000,4291,mains
1,1001,100,3310,0.3991,0.4026,60.1770,53.6093,0.0038,0.0090,0.0074,0.0085,0.0005,1.1225,0.9913,6.5677,8.0006,0.8209,1.1380,1.0901,0.9991,4291,mains
1,1001,1000,32110,0.4624,0.4629,118.8832,53.6782,0.0134,0.0718,0.0656,0.0660,0.0004,2.2147,0.9989,65.2050,65.6000,0.9940,2.2221,2.1536,1.0004,4291,mains
1,1001,10000,320110,1.0700,1.1100,704.2221,54.3292,0.0915,0.7135,0.6572,0.6431,0.0005,12.9621,0.9640,649.8929,642.5854,1.0114,13.0966,12.7572,1.0125,4291,mains
2,334,20,750,0.3990,0.3223,18.4934,17.8404,0.0021,0.0036,0.0021,0.0036,0.0004,1.0366,1.2380,0.6530,1.0667,0.6122,1.0392,1.0000,1.0000,4281,mains
2,334,100,3310,0.3977,0.4000,20.0893,17.8674,0.0030,0.0094,0.0073,0.0086,0.0005,1.1244,0.9942,2.2219,2.6981,0.8235,1.1361,1.0863,1.0015,4281,mains
2,334,1000,32110,0.4611,0.4656,39.6958,17.9568,0.0136,0.0717,0.0657,0.0665,0.0005,2.2106,0.9903,21.7390,21.9783,0.9891,2.2184,2.1465,1.0065,4281,mains
2,334,10000,320110,1.0139,1.0938,234.8269,18.5931,0.1018,0.7095,0.6618,0.6430,0.0005,12.6298,0.9270,216.2338,213.9332,1.0108,12.8528,12.6979,1.0422,4281,mains
2,67,20,750,0.4829,0.3128,3.7192,3.5732,0.0007,0.0028,0.0022,0.0031,0.0004,1.0409,1.5438,0.1460,0.1787,0.8170,1.0406,1.0000,1.0000,4250,mains
2,67,100,3310,0.4072,0.3992,4.0184,3.6029,0.0018,0.0090,0.0074,0.0081,0.0004,1.1153,1.0200,0.4155,0.5085,0.8171,1.1356,1.0804,1.0083,4250,mains
2,67,1000,32110,0.4618,0.4652,7.9286,3.6483,0.0084,0.0706,0.0658,0.0652,0.0004,2.1732,0.9927,4.2803,4.2758,1.0011,2.1904,2.1318,1.0210,4250,mains
2,67,10000,320110,1.3338,1.4509,47.3686,4.7738,0.4015,0.8275,0.6560,0.6439,0.0005,9.9226,0.9193,42.5948,42.4518,1.0034,10.0695,12.7362,1.3360,4250,mains
2,4,20,750,0.4031,0.3943,0.2219,0.2118,0.0002,0.0023,0.0020,0.0021,0.0004,1.0477,1.0223,0.0101,0.0048,2.1042,1.0283,1.0000,1.0000,4289,mains
2,4,100,3310,0.3984,0.4510,0.2373,0.2208,0.0004,0.0076,0.0072,0.0069,0.0004,1.0747,0.8834,0.0165,0.0188,0.8777,1.0978,1.0694,1.0425,4289,mains
2,4,1000,32110,0.5043,0.3759,0.4730,0.2791,0.0027,0.0685,0.0652,0.0635,0.0004,1.6947,1.3416,0.1939,0.1872,1.0358,1.7008,2.1316,1.3178,4289,mains
2,4,10000,320110,1.3359,1.4826,3.1324,1.2892,0.3332,0.8186,0.6562,0.6401,0.0004,2.4297,0.9011,1.8432,1.9026,0.9688,2.5270,14.1163,6.0869,4289,mains
2,1001,20,750,0.3936,0.3943,55.2273,53.5428,0.0027,0.0039,0.0021,0.0035,0.0004,1.0315,0.9982,1.6845,3.1010,0.5432,1.0392,1.0000,1.0000,4293,mains
2,1001,100,3310,0.3984,0.3994,60.1755,53.5609,0.0035,0.0091,0.0073,0.0088,0.0005,1.1235,0.9975,6.6146,8.3010,0.7968,1.1363,1.0896,1.0003,4293,mains
2,1001,1000,32110,0.4579,0.4613,118.9097,53.5822,0.0139,0.0713,0.0653,0.0660,0.0005,2.2192,0.9926,65.3275,65.5002,0.9974,2.2187,2.1531,1.0007,4293,mains
2,1001,10000,320110,1.0685,1.1041,703.1027,54.2496,0.0919,0.7015,0.6562,0.6400,0.0005,12.9605,0.9678,648.8531,639.4833,1.0147,13.0959,12.7311,1.0132,4293,mains
3,334,20,750,0.3129,0.3935,18.2597,17.6914,0.0021,0.0031,0.0022,0.0030,0.0004,1.0321,0.7952,0.5683,0.8662,0.6561,1.0414,1.0000,1.0000,1396,mains
3,334,100,3310,0.3980,0.3991,19.8963,17.6993,0.0025,0.0089,0.0074,0.0083,0.0004,1.1241,0.9972,2.1970,2.6312,0.8350,1.1392,1.0896,1.0004,1396,mains
3,334,1000,32110,0.4618,0.4589,39.4368,17.7816,0.0131,0.0717,0.0655,0.0660,0.0004,2.2178,1.0063,21.6552,21.8449,0.9913,2.2266,2.1598,1.0051,1396,mains
3,334,10000,320110,1.0702,1.0722,233.8343,18.4513,0.0923,0.7095,0.6558,0.6396,0.0004,12.6731,0.9981,215.3830,212.8370,1.0120,12.8356,12.8060,1.0430,1396,mains
3,1001,20,750,0.3975,0.3944,55.0172,53.3216,0.0027,0.0030,0.0022,0.0034,0.0004,1.0318,1.0079,1.6956,3.0008,0.5650,1.0413,1.0000,1.0000,4292,mains
3,1001,100,3310,0.4023,0.3213,59.9583,53.3078,0.0030,0.0090,0.0073,0.0082,0.0004,1.1248,1.2521,6.6505,7.8005,0.8526,1.1369,1.0898,0.9997,4292,mains
3,1001,1000,32110,0.4596,0.4618,118.2225,53.4501,0.0131,0.0712,0.0653,0.0659,0.0004,2.2118,0.9952,64.7724,65.5002,0.9889,2.2217,2.1488,1.0024,4292,mains
3,1001,10000,320110,1.0672,1.0908,698.7323,54.0641,0.0901,0.6999,0.6557,0.6434,0.0005,12.9241,0.9784,644.6682,642.8872,1.0028,13.1282,12.7003,1.0139,4292,mains
3,4,20,750,0.3939,0.4432,0.2230,0.2118,0.0002,0.0023,0.0020,0.0021,0.0004,1.0529,0.8888,0.0112,0.0048,2.3333,1.0283,1.0000,1.0000,2637,mains
3,4,100,3310,0.4019,0.3967,0.2351,0.2175,0.0004,0.0076,0.0072,0.0069,0.0004,1.0809,1.0131,0.0176,0.0188,0.9362,1.0993,1.0543,1.0269,2637,mains
3,4,1000,32110,0.4588,0.2885,0.4743,0.2775,0.0026,0.0682,0.0653,0.0637,0.0004,1.7092,1.5903,0.1968,0.1879,1.0474,1.7059,2.1269,1.3102,2637,mains
3,4,10000,320110,1.4161,1.3564,3.1219,1.2708,0.3277,0.8146,0.6526,0.6407,0.0004,2.4566,1.0440,1.8511,1.9086,0.9699,2.5406,13.9996,6.0000,2637,mains
3,67,20,750,0.3957,0.4005,3.7101,3.5509,0.0007,0.0024,0.0022,0.0027,0.0004,1.0448,0.9880,0.1592,0.1519,1.0481,1.0409,1.0000,1.0000,1398,mains
3,67,100,3310,0.4929,0.4841,3.9869,3.5674,0.0013,0.0088,0.0075,0.0075,0.0004,1.1176,1.0182,0.4195,0.4682,0.8960,1.1388,1.0746,1.0046,1398,mains
3,67,1000,32110,0.4712,0.4632,7.9060,3.6349,0.0082,0.0704,0.0656,0.0649,0.0004,2.1750,1.0173,4.2711,4.2559,1.0036,2.1911,2.1309,1.0237,1398,mains
3,67,10000,320110,1.3606,1.4599,47.2927,4.7381,0.4023,0.8279,0.6556,0.6408,0.0005,9.9814,0.9320,42.5546,42.2445,1.0073,10.1323,12.7470,1.3343,1398,mains
4,4,20,750,0.3953,0.3958,0.2239,0.2118,0.0002,0.0024,0.0020,0.0021,0.0005,1.0571,0.9987,0.0121,0.0044,2.7500,1.0283,1.0000,1.0000,4269,mains
4,4,100,3310,0.3355,0.3187,0.2351,0.2171,0.0004,0.0076,0.0072,0.0069,0.0005,1.0829,1.0527,0.0180,0.0184,0.9783,1.0995,1.0500,1.0250,4269,mains
4,4,1000,32110,0.4637,0.3748,0.4780,0.2791,0.0026,0.0683,0.0656,0.0638,0.0005,1.7126,1.2372,0.1989,0.1876,1.0602,1.7051,2.1349,1.3178,4269,mains
4,4,10000,320110,1.3958,1.4680,3.1469,1.2803,0.3339,0.8160,0.6532,0.6387,0.0005,2.4579,0.9508,1.8666,1.8996,0.9826,2.5306,14.0549,6.0449,4269,mains
4,1001,20,750,0.3927,0.3949,54.9665,53.3055,0.0026,0.0034,0.0021,0.0035,0.0004,1.0312,0.9944,1.6610,3.1010,0.5356,1.0394,1.0000,1.0000,3719,mains
4,1001,100,3310,0.3976,0.3989,59.9030,53.2841,0.0035,0.0090,0.0073,0.0087,0.0004,1.1242,0.9967,6.6189,8.3010,0.7974,1.1370,1.0898,0.9996,3719,mains
4,1001,1000,32110,0.4615,0.4583,118.6057,53.3799,0.0136,0.0706,0.0654,0.0660,0.0004,2.2219,1.0070,65.2258,65.6002,0.9943,2.2252,2.1578,1.0014,3719,mains
4,1001,10000,320110,1.0639,1.0835,701.3443,53.9765,0.0900,0.7044,0.6566,0.6397,0.0005,12.9935,0.9819,647.3678,639.1826,1.0128,13.1646,12.7595,1.0126,3719,mains
4,334,20,750,0.3961,0.3065,18.3357,17.7789,0.0023,0.0030,0.0021,0.0033,0.0004,1.0313,1.2923,0.5568,0.9665,0.5761,1.0393,1.0000,1.0000,1399,mains
4,334,100,3310,0.3984,0.3982,19.9688,17.7836,0.0028,0.0088,0.0075,0.0086,0.0005,1.1229,1.0005,2.1852,2.6979,0.8100,1.1404,1.0891,1.0003,1399,mains
4,334,1000,32110,0.4636,0.4648,39.4726,17.8541,0.0130,0.0707,0.0665,0.0661,0.0004,2.2108,0.9974,21.6185,21.8773,0.9882,2.2403,2.1528,1.0042,1399,mains
4,334,10000,320110,1.0652,1.1108,233.3809,18.5200,0.0891,0.7017,0.6677,0.6392,0.0005,12.6016,0.9589,214.8609,212.6581,1.0104,13.0056,12.7282,1.0417,1399,mains
4,67,20,750,0.3922,0.3962,3.6888,3.5563,0.0008,0.0026,0.0021,0.0028,0.0004,1.0373,0.9899,0.1325,0.1587,0.8349,1.0390,1.0000,1.0000,1397,mains
4,67,100,3310,0.3982,0.4018,3.9722,3.5632,0.0009,0.0087,0.0073,0.0074,0.0004,1.1148,0.9910,0.4090,0.4617,0.8859,1.1352,1.0768,1.0019,1397,mains
4,67,1000,32110,0.3766,0.4608,7.9174,3.6284,0.0078,0.0705,0.0656,0.0646,0.0004,2.1821,0.8173,4.2890,4.2358,1.0126,2.1933,2.1463,1.0203,1397,mains
4,67,10000,320110,1.3027,1.3960,47.2970,4.7414,0.4034,0.8259,0.6533,0.6404,0.0004,9.9753,0.9332,42.5556,42.2267,1.0078,10.0939,12.8218,1.3332,1397,mains
5,4,20,750,0.3983,0.3929,0.2250,0.2115,0.0002,0.0024,0.0020,0.0021,0.0004,1.0638,1.0137,0.0135,0.0048,2.8125,1.0284,1.0000,1.0000,4185,mains
5,4,100,3310,0.4138,0.3124,0.2361,0.2182,0.0004,0.0076,0.0072,0.0069,0.0005,1.0820,1.3246,0.0179,0.0184,0.9728,1.0990,1.0493,1.0317,4185,mains
5,4,1000,32110,0.5771,0.4637,0.4757,0.2770,0.0026,0.0685,0.0653,0.0636,0.0005,1.7173,1.2446,0.1987,0.1871,1.0620,1.7072,2.1142,1.3097,4185,mains
5,4,10000,320110,1.2893,1.5059,3.1260,1.2900,0.3409,0.8184,0.6552,0.6361,0.0005,2.4233,0.8562,1.8360,1.8872,0.9729,2.5237,13.8933,6.0993,4185,mains
5,67,20,750,0.3941,0.3983,3.7000,3.5659,0.0008,0.0028,0.0022,0.0029,0.0004,1.0376,0.9895,0.1341,0.1653,0.8113,1.0407,1.0000,1.0000,1396,mains
5,67,100,3310,0.3107,0.3151,4.0072,3.5700,0.0014,0.0092,0.0075,0.0078,0.0004,1.1225,0.9860,0.4372,0.4883,0.8954,1.1387,1.0830,1.0011,1396,mains
5,67,1000,32110,0.4644,0.4008,7.9235,3.6443,0.0071,0.0708,0.0657,0.0653,0.0004,2.1742,1.1587,4.2792,4.2826,0.9992,2.1899,2.1415,1.0220,1396,mains
5,67,10000,320110,1.3154,1.4628,47.2769,4.7430,0.4011,0.8276,0.6534,0.6405,0.0004,9.9677,0.8992,42.5339,42.2333,1.0071,10.0922,12.7775,1.3301,1396,mains
5,334,20,750,0.3977,0.3090,18.3755,17.7932,0.0024,0.0037,0.0022,0.0030,0.0004,1.0327,1.2871,0.5823,0.8662,0.6722,1.0412,1.0000,1.0000,2153,mains
5,334,100,3310,0.3987,0.4143,19.9806,17.7953,0.0030,0.0093,0.0075,0.0081,0.0004,1.1228,0.9623,2.1853,2.5643,0.8522,1.1403,1.0874,1.0001,2153,mains
5,334,1000,32110,0.4301,0.3862,39.5196,17.8526,0.0136,0.0716,0.0655,0.0657,0.0004,2.2137,1.1137,21.6670,21.7447,0.9964,2.2218,2.1507,1.0033,2153,mains
5,334,10000,320110,1.0659,1.0898,234.2438,18.5852,0.0898,0.7029,0.6556,0.6413,0.0005,12.6038,0.9781,215.6586,213.3716,1.0107,12.7467,12.7476,1.0445,2153,mains
5,1001,20,750,0.3947,0.3961,55.2591,53.5555,0.0027,0.0033,0.0021,0.0037,0.0004,1.0318,0.9965,1.7036,3.3012,0.5161,1.0392,1.0000,1.0000,1397,mains
5,1001,100,3310,0.3988,0.4020,60.0709,53.5027,0.0036,0.0091,0.0073,0.0085,0.0005,1.1228,0.9920,6.5682,8.0007,0.8210,1.1364,1.0871,0.9990,1397,mains
5,1001,1000,32110,0.4631,0.4609,118.7689,53.6064,0.0140,0.0711,0.0654,0.0659,0.0004,2.2156,1.0048,65.1625,65.5001,0.9948,2.2200,2.1493,1.0010,1397,mains
5,1001,10000,320110,1.0668,1.0861,703.7783,54.2143,0.0932,0.7026,0.6563,0.6396,0.0004,12.9814,0.9822,649.5640,639.1829,1.0162,13.1057,12.7360,1.0123,1397,mains
6,334,20,750,0.3937,0.3938,18.3919,17.8081,0.0022,0.0037,0.0022,0.0034,0.0004,1.0328,0.9997,0.5838,0.9998,0.5839,1.0411,1.0000,1.0000,1877,mains
6,334,100,3310,0.3992,0.4021,19.9954,17.7976,0.0029,0.0094,0.0075,0.0082,0.0004,1.1235,0.9928,2.1978,2.5977,0.8461,1.1403,1.0872,0.9994,1877,mains
6,334,1000,32110,0.4682,0.4640,39.5535,17.8807,0.0127,0.0710,0.0655,0.0657,0.0004,2.2121,1.0091,21.6728,21.7447,0.9967,2.2198,2.1506,1.0041,1877,mains
6,334,10000,320110,0.9942,1.0875,234.4549,18.5247,0.0911,0.7040,0.6521,0.6392,0.0004,12.6563,0.9142,215.9302,212.7071,1.0152,12.7221,12.7477,1.0402,1877,mains
6,67,20,750,0.3060,0.3955,3.6954,3.5488,0.0007,0.0028,0.0023,0.0028,0.0004,1.0413,0.7737,0.1466,0.1585,0.9249,1.0428,1.0000,1.0000,3900,mains
6,67,100,3310,0.3144,0.4013,3.9818,3.5691,0.0010,0.0090,0.0074,0.0077,0.0004,1.1156,0.7835,0.4127,0.4817,0.8568,1.1368,1.0775,1.0057,3900,mains
6,67,1000,32110,0.4176,0.3741,7.8985,3.6331,0.0076,0.0707,0.0654,0.0654,0.0004,2.1740,1.1163,4.2654,4.2896,0.9944,2.1881,2.1374,1.0238,3900,mains
6,67,10000,320110,1.3596,1.4588,47.3386,4.7420,0.4017,0.8309,0.6545,0.6385,0.0005,9.9828,0.9320,42.5966,42.0915,1.0120,10.1094,12.8101,1.3362,3900,mains
6,4,20,750,0.3943,0.4006,0.2190,0.2104,0.0002,0.0024,0.0020,0.0021,0.0004,1.0409,0.9843,0.0086,0.0048,1.7917,1.0285,1.0000,1.0000,3586,mains
6,4,100,3310,0.3636,0.3980,0.2359,0.2170,0.0004,0.0076,0.0072,0.0069,0.0004,1.0871,0.9136,0.0189,0.0188,1.0053,1.0995,1.0772,1.0314,3586,mains
6,4,1000,32110,0.3741,0.4579,0.4712,0.2769,0.0026,0.0687,0.0653,0.0636,0.0004,1.7017,0.8170,0.1943,0.1875,1.0363,1.7075,2.1516,1.3161,3586,mains
6,4,10000,320110,1.3892,1.4332,3.1102,1.2684,0.3263,0.8075,0.6522,0.6334,0.0004,2.4521,0.9693,1.8418,1.8798,0.9798,2.5426,14.2018,6.0285,3586,mains
6,1001,20,750,0.3924,0.3954,55.1705,53.5241,0.0026,0.0031,0.0021,0.0030,0.0005,1.0308,0.9924,1.6464,2.5004,0.6585,1.0392,1.0000,1.0000,2141,mains
6,1001,100,3310,0.3987,0.3394,60.1141,53.5660,0.0037,0.0091,0.0073,0.0080,0.0005,1.1222,1.1747,6.5481,7.5002,0.8731,1.1363,1.0896,1.0008,2141,mains
6,1001,1000,32110,0.4618,0.4607,118.5803,53.5742,0.0146,0.0706,0.0653,0.0659,0.0005,2.2134,1.0024,65.0061,65.4001,0.9940,2.2189,2.1493,1.0009,2141,mains
6,1001,10000,320110,1.0658,1.0854,701.7731,54.2271,0.0926,0.7009,0.6559,0.6397,0.0005,12.9414,0.9819,647.5460,639.1833,1.0131,13.0954,12.7201,1.0131,2141,mains
7,334,20,750,0.3966,0.3261,18.3284,17.7805,0.0024,0.0029,0.0021,0.0033,0.0004,1.0308,1.2162,0.5479,0.9665,0.5669,1.0393,1.0000,1.0000,4285,mains
7,334,100,3310,0.3986,0.3305,19.9395,17.7670,0.0027,0.0094,0.0074,0.0085,0.0004,1.1223,1.2061,2.1725,2.6980,0.8052,1.1387,1.0879,0.9992,4285,mains
7,334,1000,32110,0.4586,0.4579,39.4946,17.8399,0.0131,0.0707,0.0654,0.0668,0.0004,2.2138,1.0015,21.6547,22.1122,0.9793,2.2208,2.1548,1.0033,4285,mains
7,334,10000,320110,1.0677,1.0946,234.4025,18.4897,0.0885,0.7002,0.6567,0.6437,0.0004,12.6775,0.9754,215.9128,214.2055,1.0080,12.8272,12.7890,1.0399,4285,mains
7,1001,20,750,0.3929,0.3948,54.9288,53.3875,0.0026,0.0032,0.0021,0.0036,0.0004,1.0289,0.9952,1.5413,3.2011,0.4815,1.0393,1.0000,1.0000,4291,mains
7,1001,100,3310,0.3966,0.3985,59.9377,53.2897,0.0031,0.0088,0.0073,0.0086,0.0004,1.1248,0.9952,6.6480,8.2009,0.8106,1.1370,1.0912,0.9982,4291,mains
7,1001,1000,32110,0.4632,0.4584,118.8054,53.4948,0.0146,0.0712,0.0653,0.0663,0.0004,2.2209,1.0105,65.3106,65.9006,0.9910,2.2207,2.1629,1.0020,4291,mains
7,1001,10000,320110,1.0695,1.1084,703.0421,54.0607,0.0922,0.7038,0.6576,0.6396,0.0004,13.0047,0.9649,648.9814,639.1816,1.0153,13.1641,12.7992,1.0126,4291,mains
7,4,20,750,0.3983,0.3112,0.2211,0.2109,0.0002,0.0023,0.0020,0.0021,0.0004,1.0484,1.2799,0.0102,0.0048,2.1250,1.0284,1.0000,1.0000,4290,mains
7,4,100,3310,0.3158,0.4916,0.2362,0.2165,0.0004,0.0077,0.0072,0.0069,0.0004,1.0910,0.6424,0.0197,0.0188,1.0479,1.0998,1.0683,1.0266,4290,mains
7,4,1000,32110,0.5606,0.4593,0.4731,0.2776,0.0026,0.0686,0.0652,0.0636,0.0004,1.7043,1.2206,0.1955,0.1876,1.0421,1.7046,2.1398,1.3163,4290,mains
7,4,10000,320110,1.3567,1.3628,3.1093,1.2813,0.3305,0.8113,0.6525,0.6350,0.0004,2.4267,0.9955,1.8280,1.8859,0.9693,2.5277,14.0629,6.0754,4290,mains
7,67,20,750,0.4009,0.3951,3.7227,3.5827,0.0008,0.0030,0.0023,0.0029,0.0004,1.0391,1.0147,0.1400,0.1652,0.8475,1.0424,1.0000,1.0000,1397,mains
7,67,100,3310,0.3138,0.4024,4.0156,3.6009,0.0019,0.0094,0.0075,0.0078,0.0004,1.1152,0.7798,0.4147,0.4883,0.8493,1.1375,1.0787,1.0051,1397,mains
7,67,1000,32110,0.3791,0.5470,7.9480,3.6564,0.0092,0.0708,0.0660,0.0652,0.0004,2.1737,0.6931,4.2916,4.2756,1.0037,2.1913,2.1350,1.0206,1397,mains
7,67,10000,320110,1.3692,1.3781,47.4483,4.7733,0.4064,0.8309,0.6550,0.6409,0.0005,9.9404,0.9935,42.6750,42.2518,1.0100,10.0566,12.7457,1.3323,1397,mains
8,4,20,750,0.3562,0.3116,0.2235,0.2136,0.0002,0.0022,0.0020,0.0021,0.0004,1.0463,1.1431,0.0099,0.0048,2.0625,1.0281,1.0000,1.0000,1397,mains
8,4,100,3310,0.4893,0.4264,0.2371,0.2187,0.0004,0.0077,0.0072,0.0069,0.0004,1.0841,1.1475,0.0184,0.0188,0.9787,1.0988,1.0609,1.0239,1397,mains
8,4,1000,32110,0.4296,0.3748,0.4762,0.2787,0.0026,0.0690,0.0656,0.0640,0.0004,1.7086,1.1462,0.1975,0.1888,1.0461,1.7061,2.1306,1.3048,1397,mains
8,4,10000,320110,1.3295,1.4656,3.1167,1.2904,0.3313,0.8148,0.6537,0.6416,0.0004,2.4153,0.9071,1.8263,1.9111,0.9556,2.5198,13.9450,6.0412,1397,mains
8,1001,20,750,0.3946,0.3948,55.3137,53.6525,0.0030,0.0038,0.0021,0.0036,0.0004,1.0310,0.9995,1.6612,3.2011,0.5189,1.0391,1.0000,1.0000,1960,mains
8,1001,100,3310,0.3970,0.4042,60.2103,53.6187,0.0035,0.0094,0.0073,0.0084,0.0005,1.1229,0.9822,6.5916,7.9006,0.8343,1.1361,1.0885,0.9994,1960,mains
8,1001,1000,32110,0.4620,0.4639,118.7934,53.6840,0.0137,0.0714,0.0656,0.0663,0.0004,2.2128,0.9959,65.1094,65.9003,0.9880,2.2220,2.1476,1.0006,1960,mains
8,1001,10000,320110,1.0707,1.0969,702.5914,54.2810,0.0937,0.7010,0.6578,0.6439,0.0005,12.9436,0.9761,648.3104,643.3856,1.0077,13.1184,12.7019,1.0117,1960,mains
8,334,20,750,0.3979,0.3928,18.3057,17.7699,0.0021,0.0033,0.0021,0.0031,0.0005,1.0302,1.0130,0.5358,0.8663,0.6185,1.0394,1.0000,1.0000,4291,mains
8,334,100,3310,0.3964,0.4001,19.9550,17.7661,0.0028,0.0092,0.0074,0.0080,0.0005,1.1232,0.9908,2.1889,2.4976,0.8764,1.1387,1.0901,0.9998,4291,mains
8,334,1000,32110,0.3783,0.4588,39.4830,17.8460,0.0136,0.0709,0.0657,0.0664,0.0005,2.2124,0.8245,21.6370,21.9449,0.9860,2.2259,2.1569,1.0043,4291,mains
8,334,10000,320110,1.0837,1.0776,234.1284,18.5006,0.0920,0.7033,0.6560,0.6401,0.0005,12.6552,1.0057,215.6278,212.9704,1.0125,12.8076,12.7899,1.0411,4291,mains
8,67,20,750,0.4803,0.4866,3.7025,3.5687,0.0011,0.0027,0.0022,0.0029,0.0004,1.0375,0.9871,0.1338,0.1653,0.8094,1.0407,1.0000,1.0000,1311,mains
8,67,100,3310,0.3996,0.3185,3.9916,3.5698,0.0014,0.0087,0.0076,0.0076,0.0004,1.1182,1.2546,0.4218,0.4748,0.8884,1.1405,1.0781,1.0003,1311,mains
8,67,1000,32110,0.4644,0.4615,7.8930,3.6317,0.0065,0.0707,0.0658,0.0652,0.0004,2.1734,1.0063,4.2613,4.2758,0.9966,2.1958,2.1318,1.0177,1311,mains
8,67,10000,320110,1.3942,1.4813,47.1763,4.7531,0.4057,0.8281,0.6523,0.6364,0.0005,9.9254,0.9412,42.4232,41.9530,1.0112,10.0576,12.7417,1.3319,1311,mains
9,4,20,750,0.3080,0.3947,0.2221,0.2105,0.0002,0.0024,0.0020,0.0021,0.0004,1.0551,0.7803,0.0116,0.0048,2.4167,1.0285,1.0000,1.0000,1908,mains
9,4,100,3310,0.4476,0.4869,0.2361,0.2194,0.0004,0.0077,0.0072,0.0069,0.0004,1.0761,0.9193,0.0167,0.0188,0.8883,1.0985,1.0630,1.0423,1908,mains
9,4,1000,32110,0.4594,0.3727,0.4722,0.2780,0.0026,0.0682,0.0653,0.0636,0.0004,1.6986,1.2326,0.1942,0.1875,1.0357,1.7047,2.1261,1.3207,1908,mains
9,4,10000,320110,1.3602,1.4011,3.1224,1.2877,0.3427,0.8198,0.6521,0.6375,0.0004,2.4248,0.9708,1.8347,1.8963,0.9675,2.5192,14.0585,6.1173,1908,mains
9,67,20,750,0.3365,0.3074,3.7012,3.5693,0.0009,0.0029,0.0022,0.0029,0.0004,1.0370,1.0947,0.1319,0.1653,0.7979,1.0407,1.0000,1.0000,4282,mains
9,67,100,3310,0.4023,0.3130,3.9885,3.5650,0.0013,0.0088,0.0075,0.0078,0.0004,1.1188,1.2853,0.4235,0.4883,0.8673,1.1388,1.0776,0.9988,4282,mains
9,67,1000,32110,0.4646,0.5543,7.9064,3.6490,0.0080,0.0702,0.0655,0.0660,0.0004,2.1667,0.8382,4.2574,4.3297,0.9833,2.1847,2.1362,1.0223,4282,mains
9,67,10000,320110,1.3673,1.4612,47.1191,4.7642,0.4025,0.8313,0.6540,0.6363,0.0005,9.8902,0.9357,42.3549,41.9446,1.0098,10.0601,12.7308,1.3348,4282,mains
9,334,20,750,0.3930,0.3926,18.2535,17.6980,0.0020,0.0037,0.0021,0.0036,0.0004,1.0314,1.0010,0.5555,1.0667,0.5208,1.0395,1.0000,1.0000,4292,mains
9,334,100,3310,0.3978,0.4035,19.8868,17.7048,0.0026,0.0095,0.0074,0.0083,0.0004,1.1232,0.9859,2.1820,2.6312,0.8293,1.1392,1.0895,1.0004,4292,mains
9,334,1000,32110,0.4621,0.4591,39.4118,17.7786,0.0133,0.0715,0.0653,0.0663,0.0004,2.2168,1.0065,21.6332,21.9453,0.9858,2.2231,2.1591,1.0046,4292,mains
9,334,10000,320110,0.9869,1.0922,233.8829,18.4525,0.0922,0.7043,0.6532,0.6398,0.0005,12.6749,0.9036,215.4304,212.8730,1.0120,12.7879,12.8130,1.0426,4292,mains
9,1001,20,750,0.3923,0.3150,54.8968,53.3824,0.0024,0.0034,0.0021,0.0035,0.0004,1.0284,1.2454,1.5144,3.1010,0.4884,1.0393,1.0000,1.0000,4295,mains
9,1001,100,3310,0.3981,0.3992,59.9098,53.2154,0.0033,0.0089,0.0074,0.0083,0.0005,1.1258,0.9972,6.6944,7.8004,0.8582,1.1391,1.0913,0.9969,4295,mains
9,1001,1000,32110,0.4582,0.4581,118.5433,53.3587,0.0138,0.0711,0.0653,0.0662,0.0004,2.2216,1.0002,65.1846,65.8005,0.9906,2.2238,2.1594,0.9996,4295,mains
9,1001,10000,320110,1.0654,1.0851,701.6959,53.9495,0.0891,0.7037,0.6559,0.6397,0.0004,13.0065,0.9818,647.7464,639.2834,1.0132,13.1577,12.7821,1.0106,4295,mains
10,334,20,750,0.3103,0.3164,18.3697,17.8092,0.0020,0.0036,0.0023,0.0034,0.0004,1.0315,0.9807,0.5605,0.9997,0.5607,1.0430,1.0000,1.0000,4289,mains
10,334,100,3310,0.3991,0.3996,19.9980,17.8237,0.0027,0.0094,0.0074,0.0083,0.0004,1.1220,0.9987,2.1743,2.6312,0.8264,1.1383,1.0886,1.0008,4289,mains
10,334,1000,32110,0.4352,0.4607,39.5137,17.8954,0.0132,0.0713,0.0654,0.0656,0.0004,2.2080,0.9446,21.6183,21.7114,0.9957,2.2170,2.1510,1.0048,4289,mains
10,334,10000,320110,1.0738,1.1025,233.9857,18.5639,0.0910,0.7035,0.6555,0.6366,0.0004,12.6043,0.9740,215.4218,211.8353,1.0169,12.7584,12.7376,1.0424,4289,mains
10,67,20,750,0.3952,0.3954,3.6865,3.5584,0.0008,0.0028,0.0021,0.0026,0.0004,1.0360,0.9995,0.1281,0.1453,0.8816,1.0390,1.0000,1.0000,4290,mains
10,67,100,3310,0.4855,0.3986,3.9750,3.5591,0.0012,0.0085,0.0073,0.0075,0.0004,1.1169,1.2180,0.4159,0.4684,0.8879,1.1354,1.0783,1.0002,4290,mains
10,67,1000,32110,0.4626,0.5461,7.9047,3.6238,0.0078,0.0704,0.0654,0.0655,0.0004,2.1813,0.8471,4.2809,4.2963,0.9964,2.1911,2.1442,1.0184,4290,mains
10,67,10000,320110,1.3216,1.5799,47.3279,4.7376,0.4035,0.8271,0.6533,0.6395,0.0004,9.9898,0.8365,42.5903,42.1664,1.0101,10.1012,12.8382,1.3314,4290,mains
10,4,20,750,0.3964,0.3952,0.2226,0.2107,0.0002,0.0023,0.0020,0.0021,0.0004,1.0565,1.0030,0.0119,0.0048,2.4792,1.0285,1.0000,1.0000,4290,mains
10,4,100,3310,0.3140,0.4057,0.2365,0.2175,0.0004,0.0076,0.0072,0.0069,0.0004,1.0874,0.7740,0.0190,0.0188,1.0106,1.0993,1.0624,1.0323,4290,mains
10,4,1000,32110,0.4644,0.4164,0.4732,0.2774,0.0026,0.0682,0.0652,0.0636,0.0004,1.7058,1.1153,0.1958,0.1876,1.0437,1.7051,2.1258,1.3166,4290,mains
10,4,10000,320110,1.4110,1.4882,3.1085,1.2669,0.3315,0.8124,0.6526,0.6347,0.0004,2.4536,0.9481,1.8416,1.8846,0.9772,2.5453,13.9645,6.0128,4290,mains
10,1001,20,750,0.3933,0.3959,54.9091,53.2947,0.0026,0.0037,0.0021,0.0037,0.0004,1.0303,0.9934,1.6144,3.3012,0.4890,1.0394,1.0000,1.0000,4280,mains
10,1001,100,3310,0.3972,0.3980,59.9047,53.2473,0.0035,0.0090,0.0075,0.0088,0.0005,1.1250,0.9980,6.6574,8.3008,0.8020,1.1409,1.0910,0.9991,4280,mains
10,1001,1000,32110,0.4593,0.4602,118.4035,53.4020,0.0138,0.0708,0.0655,0.0655,0.0005,2.2172,0.9980,65.0015,64.9995,1.0000,2.2265,2.1564,1.0020,4280,mains
10,1001,10000,320110,1.0641,1.0951,701.1648,54.0305,0.0942,0.7027,0.6528,0.6425,0.0005,12.9772,0.9717,647.1343,641.9892,1.0080,13.0821,12.7696,1.0138,4280,mains
